code,full_name,category,status,routable,y,x,floors,coordinate_source,connector_distance_m,source_url
AD,Administration Building,academic,active,True,32.98968829461755,-96.74841575518468,3,OSM building footprint centroid,5.691199136984031,https://map.concept3d.com/?id=1772#!m/313186
APC,Edith and Peter O'Donnell Jr. Athenaeum,academic,active,True,32.983816481866214,-96.74725360414017,,OSM building footprint centroid,33.31526574557755,https://map.concept3d.com/?id=1772#!m/730125
APC2,Athenaeum Performance Hall and Music Building,academic,construction,False,32.98313160655027,-96.7472470863633,,OSM building footprint centroid,,https://map.concept3d.com/?id=1772#!m/730125
ATC,Edith O'Donnell Arts & Technology Building,academic,active,True,32.98606819147643,-96.7475251859099,4,OSM building footprint centroid,18.141388246217815,https://map.concept3d.com/?id=1772#!m/316550
BE,Lloyd V. Berkner Hall,academic,active,True,32.987695975006325,-96.75047060085483,2,OSM building footprint centroid,29.852528058168406,https://map.concept3d.com/?id=1772#!m/311736
BSB,Bioengineering and Sciences Building,academic,active,True,32.99149675176727,-96.7500270073803,4,OSM building footprint centroid,27.046838275463767,https://map.concept3d.com/?id=1772#!m/316041
CB,Classroom Building,academic,active,True,32.98970148364649,-96.74933807200138,1,OSM building footprint centroid,22.610527453148883,https://map.concept3d.com/?id=1772#!m/316714
CR,Callier Center Richardson,academic,active,True,32.99241345330567,-96.7487455534306,1,OSM building footprint centroid,5.868474424660722,https://map.concept3d.com/?id=1772#!m/316042
CRA,Callier Center Richardson Addition,academic,active,True,32.99191578684873,-96.74835508230815,2,OSM building footprint centroid,24.527555158711376,https://map.concept3d.com/?id=1772#!m/316043
DAV,Charles and Nancy Davidson Building,academic,active,True,32.98495357710655,-96.74554944950218,3,OSM building footprint centroid,74.06692860503966,https://map.concept3d.com/?id=1772#!m/955694
ECSN,Engineering and Computer Science North,academic,active,True,32.9869327877786,-96.75033403175186,3,OSM building footprint centroid,23.26492632665037,https://map.concept3d.com/?id=1772#!m/316597
ECSS,Engineering and Computer Science South,academic,active,True,32.98621822284983,-96.75038757612668,1,OSM building footprint centroid,42.61517445364284,https://map.concept3d.com/?id=1772#!m/316551
ECSW,Engineering and Computer Science West,academic,active,True,32.98611319799803,-96.7516886870536,4,UT Dallas official map marker,14.45392895539724,https://map.concept3d.com/?id=1772#!m/316582
FA,Founders Annex,academic,active,True,32.98769455327045,-96.74989517639676,2,OSM building footprint centroid,5.225511261252222,https://map.concept3d.com/?id=1772#!m/316590
FN,Founders North,academic,active,True,32.98811573491454,-96.7493531363559,2,OSM building footprint centroid,14.367020404622798,https://map.concept3d.com/?id=1772#!m/316586
FO,Founders Building,academic,active,True,32.987688722029894,-96.74906213791651,3,OSM building footprint centroid,18.50980660487193,https://map.concept3d.com/?id=1772#!m/316585
GC,Cecil and Ida Green Center,academic,closed,False,32.987827,-96.747955,,UT Dallas official map marker,,https://map.concept3d.com/?id=1772#!m/792374
GR,Cecil H. Green Hall,academic,active,True,32.98863831518238,-96.74785986934569,4,OSM building footprint centroid,24.60036456700508,https://map.concept3d.com/?id=1772#!m/317323
HH,Karl Hoblitzelle Hall,academic,active,True,32.986965428154264,-96.75163476544768,1,OSM building footprint centroid,22.744315551611137,https://map.concept3d.com/?id=1772#!m/316591
JO,Erik Jonsson Academic Center,academic,active,True,32.98878589105325,-96.74894653950012,4,OSM building footprint centroid,7.224110269112698,https://map.concept3d.com/?id=1772#!m/316583
JSOM,Naveen Jindal School of Management Building,academic,active,True,32.985022378855795,-96.7469916026861,4,OSM building footprint centroid,18.412531877365147,https://map.concept3d.com/?id=1772#!m/316596
Lot A1,Lot A1,parking,active,True,32.989517000000035,-96.74649,,UT Dallas official map marker,28.643220895648113,"https://map.concept3d.com/?id=1772#!ce/43523?ct/88641,88642,88643,43523?m/1070729?s/?mc/32.989517000000035,-96.74649?z/16?lvl/0?share?p/0?b/-57.71534750797855"
Lot A2,Lot A2,parking,active,True,32.990662,-96.74549100000002,,UT Dallas official map marker,47.49626961879748,"https://map.concept3d.com/?id=1772#!ce/43523?ct/88641,88642,88643,43523?m/434025?s/?mc/32.990662,-96.74549100000002?z/16?lvl/0?share?p/0?b/-57.71534750797855"
Lot B1,Lot B1,parking,active,True,32.988724000000005,-96.74602500000003,,UT Dallas official map marker,25.56581845031588,"https://map.concept3d.com/?id=1772#!ce/43523?ct/88641,88642,88643,43523?m/1070726?s/?mc/32.988724000000005,-96.74602500000003?z/16?lvl/0?share?p/0?b/-57.71534750797855"
Lot B2,Lot B2,parking,active,True,32.98947100000001,-96.744644,,UT Dallas official map marker,37.51729877542682,"https://map.concept3d.com/?id=1772#!ce/43523?ct/88641,88642,88643,43523?m/434026?s/?mc/32.98947100000001,-96.744644?z/16?lvl/0?share?p/0?b/-57.71534750797855"
Lot C1,Lot C1,parking,active,True,32.987614000000036,-96.74490400000002,,UT Dallas official map marker,26.072001933989633,"https://map.concept3d.com/?id=1772#!ce/43523?ct/88641,88642,88643,43523?m/1070720?s/?mc/32.987614000000036,-96.74490400000002?z/16?lvl/0?share?p/0?b/-57.71534750797855"
Lot C2,Lot C2,parking,active,True,32.988185999999985,-96.74414100000001,,UT Dallas official map marker,16.600575095727898,"https://map.concept3d.com/?id=1772#!ce/43523?ct/88641,88642,88643,43523?m/434027?s/?mc/32.988185999999985,-96.74414100000001?z/16?lvl/0?share?p/0?b/-57.71534750797855"
Lot D,Lot D,parking,active,True,32.98687700000001,-96.74451399999998,,UT Dallas official map marker,27.074841335149607,"https://map.concept3d.com/?id=1772#!ce/43523?ct/88641,88642,88643,43523?m/434028?s/?mc/32.98687700000001,-96.74451399999998?z/16?lvl/0?share?p/0?b/-57.71534750797855"
Lot F,Lot F,parking,active,True,32.98431000000001,-96.74919899999998,,UT Dallas official map marker,17.23568913932098,"https://map.concept3d.com/?id=1772#!ce/43523?ct/88641,88642,88643,43523?m/476555?s/?mc/32.98431000000001,-96.74919899999998?z/16?lvl/0?share?p/0?b/-57.71534750797855"
Lot H,Lot H,parking,active,True,32.987778000000006,-96.753105,,UT Dallas official map marker,44.743554004086675,"https://map.concept3d.com/?id=1772#!ce/43523?ct/88641,88642,88643,43523?m/434792?s/?mc/32.987778000000006,-96.753105?z/16?lvl/0?share?p/0?b/-57.71534750797855"
Lot I,Lot I,parking,active,True,32.986641000000006,-96.75302099999999,,UT Dallas official map marker,16.730151399811906,"https://map.concept3d.com/?id=1772#!ce/43523?ct/88641,88642,88643,43523?m/434807?s/?mc/32.986641000000006,-96.75302099999999?z/16?lvl/0?share?p/0?b/-57.71534750797855"
Lot J,Lot J,parking,active,True,32.984161,-96.750473,,UT Dallas official map marker,31.87296762048656,"https://map.concept3d.com/?id=1772#!ce/43523?ct/88641,88642,88643,43523?m/915749?s/?mc/32.984161,-96.750473?z/16?lvl/0?share?p/0?b/-57.71534750797855"
Lot M East,Lot M East,parking,active,True,32.98367299999998,-96.74631499999998,,UT Dallas official map marker,19.898790585519397,"https://map.concept3d.com/?id=1772#!ce/43523?ct/88641,88642,88643,43523?m/434798?s/?mc/32.98367299999998,-96.74631499999998?z/16?lvl/0?share?p/0?b/-57.71534750797855"
Lot M North,Lot M North,parking,active,True,32.98433700000001,-96.74623099999997,,UT Dallas official map marker,21.68159877992017,"https://map.concept3d.com/?id=1772#!ce/43523?ct/88641,88642,88643,43523?m/612800?s/?mc/32.98433700000001,-96.74623099999997?z/16?lvl/0?share?p/0?b/-57.71534750797855"
Lot M South,Lot M South,parking,active,True,32.982159000000024,-96.74699399999997,,UT Dallas official map marker,28.480293347335042,"https://map.concept3d.com/?id=1772#!ce/43523?ct/88641,88642,88643,43523?m/627044?s/?mc/32.982159000000024,-96.74699399999997?z/16?lvl/0?share?p/0?b/-57.71534750797855"
Lot M Southeast 1,Lot M Southeast 1,parking,active,True,32.98175800000001,-96.74626899999998,,UT Dallas official map marker,19.26594354266978,"https://map.concept3d.com/?id=1772#!ce/43523?ct/88641,88642,88643,43523?m/942887?s/?mc/32.98175800000001,-96.74626899999998?z/16?lvl/0?share?p/0?b/-57.71534750797855"
Lot M Southeast 2,Lot M Southeast 2,parking,active,True,32.98084299999998,-96.74633799999998,,UT Dallas official map marker,9.506823601452506,"https://map.concept3d.com/?id=1772#!ce/43523?ct/88641,88642,88643,43523?m/942889?s/?mc/32.98084299999998,-96.74633799999998?z/16?lvl/0?share?p/0?b/-57.71534750797855"
Lot N,Lot T N,parking,active,True,32.99269100000001,-96.748222,,UT Dallas official map marker,18.32949938342522,"https://map.concept3d.com/?id=1772#!ce/43523?ct/88641,88642,88643,43523?m/434804?s/?mc/32.99269100000001,-96.748222?z/16?lvl/0?share?p/0?b/-57.71534750797855"
Lot P,Lot P,parking,active,True,32.99094800000002,-96.75030500000003,,UT Dallas official map marker,24.29155163163594,"https://map.concept3d.com/?id=1772#!ce/43523?ct/88641,88642,88643,43523?m/434803?s/?mc/32.99094800000002,-96.75030500000003?z/16?lvl/0?share?p/0?b/-57.71534750797855"
Lot R,Lot R,parking,active,True,32.990200000000016,-96.748016,,UT Dallas official map marker,2.0550222771149222,"https://map.concept3d.com/?id=1772#!ce/43523?ct/88641,88642,88643,43523?m/434806?s/?mc/32.990200000000016,-96.748016?z/16?lvl/0?share?p/0?b/-57.71534750797855"
Lot S,Lot S,parking,active,True,32.992577,-96.74745899999999,,UT Dallas official map marker,9.661412100062952,"https://map.concept3d.com/?id=1772#!ce/43523?ct/88641,88642,88643,43523?m/434805?s/?mc/32.992577,-96.74745899999999?z/16?lvl/0?share?p/0?b/-57.71534750797855"
Lot T 1,Lot T 1,parking,active,True,32.992385999999996,-96.75228900000002,,UT Dallas official map marker,42.41903998746713,"https://map.concept3d.com/?id=1772#!ce/43523?ct/88641,88642,88643,43523?m/434787?s/?mc/32.992385999999996,-96.75228900000002?z/16?lvl/0?share?p/0?b/-57.71534750797855"
Lot T 2,Lot T 2,parking,active,True,32.992385999999996,-96.75404400000002,,UT Dallas official map marker,23.174293729548413,"https://map.concept3d.com/?id=1772#!ce/43523?ct/88641,88642,88643,43523?m/942886?s/?mc/32.992385999999996,-96.75404400000002?z/16?lvl/0?share?p/0?b/-57.71534750797855"
Lot T 3,Lot T 3,parking,active,True,32.992367,-96.755539,,UT Dallas official map marker,31.42963522628968,"https://map.concept3d.com/?id=1772#!ce/43523?ct/88641,88642,88643,43523?m/434788?s/?mc/32.992367,-96.755539?z/16?lvl/0?share?p/0?b/-57.71534750797855"
Lot U,Lot U,parking,active,True,32.980811999999986,-96.750587,,UT Dallas official map marker,33.76286830722967,"https://map.concept3d.com/?id=1772#!ce/43523?ct/88641,88642,88643,43523?m/434796?s/?mc/32.980811999999986,-96.750587?z/16?lvl/0?share?p/0?b/-57.71534750797855"
Lot V,Lot V,parking,active,True,32.986159999999984,-96.75798800000001,,UT Dallas official map marker,27.077266371609735,"https://map.concept3d.com/?id=1772#!ce/43523?ct/88641,88642,88643,43523?m/434793?s/?mc/32.986159999999984,-96.75798800000001?z/16?lvl/0?share?p/0?b/-57.71534750797855"
Lot W,Lot W,parking,active,True,32.99210458414923,-96.75595098255008,,UT Dallas official map marker,7.546507968402185,"https://map.concept3d.com/?id=1772#!ce/43523?ct/88641,88642,88643,43523?m/434789?s/?mc/32.99210458414923,-96.75595098255008?z/16?lvl/0?share?p/0?b/-57.71534750797855"
MC,Eugene McDermott Library,academic,active,True,32.98692129988272,-96.74763114336248,3,OSM building footprint centroid,43.1163852027128,https://map.concept3d.com/?id=1772#!m/313479
ML1,Modular Lab 1,academic,active,True,32.98686369833366,-96.75261603104329,1,OSM building footprint centroid,11.656319677201601,https://map.concept3d.com/?id=1772#!m/316593
ML2,Modular Lab 2,academic,active,True,32.986867135416816,-96.75329548946667,1,OSM building footprint centroid,32.97903607163965,https://map.concept3d.com/?id=1772#!m/316594
NB,North Office Building,academic,active,True,32.990078570648635,-96.74938828837873,1,OSM building footprint centroid,21.745137351941114,https://map.concept3d.com/?id=1772#!m/316599
NL,North Lab,academic,active,True,32.99033585839658,-96.74923452940108,1,OSM building footprint centroid,9.204844856155336,https://map.concept3d.com/?id=1772#!m/316598
PHA,Physics Annex,academic,active,True,32.98951870506488,-96.74992789576925,1,OSM building footprint centroid,10.58924863824653,https://map.concept3d.com/?id=1772#!m/316610
PHY,Physics Building,academic,active,True,32.989401022290245,-96.75033342963332,1,OSM building footprint centroid,23.256067161533252,https://map.concept3d.com/?id=1772#!m/316611
RL,Natural Science and Engineering Research Lab,academic,active,True,32.99240973810578,-96.7503966791156,4,OSM building footprint centroid,35.13501054545717,https://map.concept3d.com/?id=1772#!m/316595
ROC,Research and Operations Center,academic,active,True,32.98625985075004,-96.75716030487456,2,OSM building footprint centroid,39.33596920685543,https://map.concept3d.com/?id=1772#!m/316612
ROW,Research and Operations Center West,academic,active,True,32.98622208096847,-96.7585952451568,1,OSM building footprint centroid,53.60074157023889,https://map.concept3d.com/?id=1772#!m/316613
Res Lot North,Residential Lot North,parking,active,True,32.991467000000014,-96.75313599999998,,UT Dallas official map marker,6.585946571105644,"https://map.concept3d.com/?id=1772#!ce/43523?ct/88641,88642,88643,43523?m/434791?s/?mc/32.991467000000014,-96.75313599999998?z/16?lvl/0?share?p/0?b/-57.71534750797855"
Res Lot North West,Residential Lot North West,parking,active,True,32.991351999999964,-96.75516500000003,,UT Dallas official map marker,28.34013371648378,"https://map.concept3d.com/?id=1772#!ce/43523?ct/88641,88642,88643,43523?m/434790?s/?mc/32.991351999999964,-96.75516500000003?z/16?lvl/0?share?p/0?b/-57.71534750797855"
SCI,Sciences Building,academic,active,True,32.988809012188,-96.75043531945032,4,OSM building footprint centroid,11.965920082692248,https://map.concept3d.com/?id=1772#!m/374837
SLC,Science Learning Center,academic,active,True,32.98817015599258,-96.75037134352526,3,OSM building footprint centroid,14.63235162726166,https://map.concept3d.com/?id=1772#!m/316615
SP2,Synergy Park North 2,academic,active,True,32.995065156867675,-96.7534771670462,2,OSM building footprint centroid,18.43022935321397,https://map.concept3d.com/?id=1772#!m/316621
SPN,Synergy Park North,academic,active,True,32.993940010991345,-96.7522080532939,2,OSM building footprint centroid,14.765789362907311,https://map.concept3d.com/?id=1772#!m/316620
SPN Lot,SPN Lot,parking,active,True,32.99393882917168,-96.75222836720464,,UT Dallas official map marker,13.144140735688968,"https://map.concept3d.com/?id=1772#!ce/43523?ct/88641,88642,88643,43523?m/434786?s/?mc/32.99045484342341,-96.75096507238129?z/15.714733819711173?lvl/0?share?p/0?b/-57.71534750797855"
TH,University Theatre,academic,active,True,32.98842163838505,-96.74871105204036,1,OSM building footprint centroid,13.531137586180407,https://map.concept3d.com/?id=1772#!m/317878
WAAC,Waterview Academic and Administrative Center,academic,active,True,32.99038675579349,-96.75804053560606,5,OSM building footprint centroid,32.52567470020468,https://map.concept3d.com/?id=1772#!m/796419
WSTC,Waterview Science and Technology Center,academic,active,True,32.991974189748284,-96.7573868612035,2,OSM building footprint centroid,20.502457304739412,https://map.concept3d.com/?id=1772#!m/316624
