start,end,length_m,walk_time_min,path_nodes
AD,APC,1015.65,12.091,41
AD,ATC,751.25,8.943,35
AD,BE,679.82,8.093,35
AD,BSB,511.71,6.092,15
AD,CB,368.74,4.39,14
AD,CR,544.58,6.483,22
AD,CRA,738.29,8.789,24
AD,DAV,876.48,10.434,35
AD,ECSN,689.76,8.211,37
AD,ECSS,925.89,11.023,49
AD,ECSW,910.25,10.836,49
AD,FA,582.23,6.931,29
AD,FN,500.38,5.957,25
AD,FO,611.13,7.275,33
AD,GR,392.21,4.669,19
AD,HH,860.96,10.25,44
AD,JO,394.49,4.696,18
AD,JSOM,906.95,10.797,39
AD,MC,848.85,10.105,35
AD,ML1,882.83,10.51,53
AD,ML2,1011.88,12.046,56
AD,NB,319.79,3.807,12
AD,NL,330.87,3.939,12
AD,PHA,406.85,4.843,19
AD,PHY,414.88,4.939,19
AD,RL,544.6,6.483,16
AD,ROC,1493.61,17.781,51
AD,ROW,1578.11,18.787,86
AD,SCI,560.9,6.677,25
AD,SLC,562.32,6.694,26
AD,SP2,1050.53,12.506,42
AD,SPN,856.59,10.198,36
AD,TH,398.31,4.742,19
AD,WAAC,1389.41,16.541,48
AD,WSTC,1265.92,15.07,48
APC,AD,1015.65,12.091,41
APC,ATC,548.88,6.534,21
APC,BE,736.27,8.765,36
APC,BSB,1270.18,15.121,51
APC,CB,926.42,11.029,40
APC,CR,1303.05,15.512,58
APC,CRA,1496.75,17.818,60
APC,DAV,593.09,7.061,24
APC,ECSN,746.21,8.883,38
APC,ECSS,624.11,7.43,30
APC,ECSW,674.65,8.032,33
APC,FA,710.2,8.455,36
APC,FN,743.03,8.846,31
APC,FO,647.55,7.709,27
APC,GR,714.56,8.507,26
APC,HH,796.03,9.477,40
APC,JO,837.01,9.964,36
APC,JSOM,468.75,5.58,18
APC,MC,637.64,7.591,21
APC,ML1,858.02,10.215,44
APC,ML2,975.32,11.611,41
APC,NB,964.41,11.481,42
APC,NL,1009.29,12.015,44
APC,PHA,890.12,10.597,39
APC,PHY,914.76,10.89,40
APC,RL,1303.07,15.513,52
APC,ROC,1267.67,15.091,48
APC,ROW,1341.47,15.97,52
APC,SCI,875.28,10.42,41
APC,SLC,842.59,10.031,38
APC,SP2,1799.39,21.421,84
APC,SPN,1605.45,19.112,78
APC,TH,670.55,7.983,27
APC,WAAC,1784.85,21.248,73
APC,WSTC,1805.84,21.498,82
ATC,AD,751.25,8.943,35
ATC,APC,548.88,6.534,21
ATC,BE,475.74,5.664,25
ATC,BSB,1005.78,11.974,45
ATC,CB,662.01,7.881,34
ATC,CR,1038.64,12.365,52
ATC,CRA,1232.35,14.671,54
ATC,DAV,378.73,4.509,16
ATC,ECSN,485.67,5.782,27
ATC,ECSS,577.76,6.878,27
ATC,ECSW,628.3,7.48,30
ATC,FA,449.66,5.353,25
ATC,FN,478.63,5.698,25
ATC,FO,383.15,4.561,21
ATC,GR,450.16,5.359,20
ATC,HH,656.88,7.82,34
ATC,JO,572.61,6.817,30
ATC,JSOM,359.44,4.279,14
ATC,MC,230.86,2.748,11
ATC,ML1,685.76,8.164,37
ATC,ML2,820.9,9.773,40
ATC,NB,700.0,8.333,36
ATC,NL,744.89,8.868,38
ATC,PHA,625.72,7.449,33
ATC,PHY,650.36,7.742,34
ATC,RL,1038.66,12.365,46
ATC,ROC,1221.32,14.54,45
ATC,ROW,1295.12,15.418,49
ATC,SCI,610.88,7.272,35
ATC,SLC,578.19,6.883,32
ATC,SP2,1534.98,18.274,78
ATC,SPN,1341.05,15.965,72
ATC,TH,406.14,4.835,21
ATC,WAAC,1534.73,18.271,58
ATC,WSTC,1553.98,18.5,71
BE,AD,679.82,8.093,35
BE,APC,736.27,8.765,36
BE,ATC,475.74,5.664,25
BE,BSB,728.55,8.673,37
BE,CB,384.79,4.581,26
BE,CR,761.42,9.064,44
BE,CRA,955.12,11.371,46
BE,DAV,708.2,8.431,37
BE,ECSN,105.28,1.253,10
BE,ECSS,340.88,4.058,20
BE,ECSW,325.24,3.872,20
BE,FA,113.14,1.347,11
BE,FN,262.98,3.131,19
BE,FO,185.99,2.214,13
BE,GR,401.22,4.776,29
BE,HH,275.95,3.285,15
BE,JO,436.23,5.193,23
BE,JSOM,628.51,7.482,33
BE,MC,573.33,6.825,25
BE,ML1,304.84,3.629,18
BE,ML2,439.97,5.238,21
BE,NB,422.78,5.033,28
BE,NL,467.66,5.567,30
BE,PHA,348.49,4.149,25
BE,PHY,373.13,4.442,26
BE,RL,756.79,9.009,34
BE,ROC,942.7,11.223,49
BE,ROW,1016.5,12.101,53
BE,SCI,324.41,3.862,23
BE,SLC,291.72,3.473,20
BE,SP2,1192.36,14.195,58
BE,SPN,998.43,11.886,52
BE,TH,358.61,4.269,23
BE,WAAC,1153.8,13.736,39
BE,WSTC,1173.05,13.965,52
BSB,AD,511.71,6.092,15
BSB,APC,1270.18,15.121,51
BSB,ATC,1005.78,11.974,45
BSB,BE,728.55,8.673,37
BSB,CB,417.47,4.97,16
BSB,CR,253.88,3.022,14
BSB,CRA,447.58,5.328,16
BSB,DAV,1241.16,14.776,53
BSB,ECSN,738.49,8.791,39
BSB,ECSS,888.74,10.58,40
BSB,ECSW,873.1,10.394,40
BSB,FA,630.96,7.511,31
BSB,FN,592.6,7.055,25
BSB,FO,742.01,8.833,38
BSB,GR,672.28,8.003,32
BSB,HH,823.81,9.807,35
BSB,JO,605.54,7.209,23
BSB,JSOM,1161.47,13.827,49
BSB,MC,1103.37,13.135,45
BSB,ML1,844.79,10.057,50
BSB,ML2,973.84,11.593,53
BSB,NB,368.52,4.387,14
BSB,NL,379.6,4.519,14
BSB,PHA,455.58,5.424,21
BSB,PHY,463.61,5.519,21
BSB,RL,154.92,1.844,6
BSB,ROC,1455.57,17.328,48
BSB,ROW,1540.07,18.334,83
BSB,SCI,554.14,6.597,28
BSB,SLC,611.05,7.274,28
BSB,SP2,734.87,8.748,32
BSB,SPN,540.93,6.44,26
BSB,TH,678.37,8.076,32
BSB,WAAC,1186.12,14.12,32
BSB,WSTC,1038.36,12.361,36
CB,AD,368.74,4.39,14
CB,APC,926.42,11.029,40
CB,ATC,662.01,7.881,34
CB,BE,384.79,4.581,26
CB,BSB,417.47,4.97,16
CB,CR,450.34,5.361,23
CB,CRA,644.05,7.667,25
CB,DAV,897.4,10.683,42
CB,ECSN,394.72,4.699,28
CB,ECSS,630.86,7.51,40
CB,ECSW,615.22,7.324,40
CB,FA,287.2,3.419,20
CB,FN,248.84,2.962,14
CB,FO,398.24,4.741,27
CB,GR,328.52,3.911,21
CB,HH,565.93,6.737,35
CB,JO,261.77,3.116,12
CB,JSOM,817.71,9.735,38
CB,MC,759.61,9.043,34
CB,ML1,587.98,7.0,38
CB,ML2,717.03,8.536,41
CB,NB,111.7,1.33,7
CB,NL,156.59,1.864,9
CB,PHA,111.82,1.331,10
CB,PHY,119.85,1.427,10
CB,RL,450.36,5.361,17
CB,ROC,1206.97,14.369,38
CB,ROW,1283.26,15.277,71
CB,SCI,265.86,3.165,16
CB,SLC,267.29,3.182,17
CB,SP2,953.45,11.351,49
CB,SPN,759.51,9.042,43
CB,TH,334.61,3.983,21
CB,WAAC,1219.46,14.517,41
CB,WSTC,1100.34,13.099,43
CR,AD,544.58,6.483,22
CR,APC,1303.05,15.512,58
CR,ATC,1038.64,12.365,52
CR,BE,761.42,9.064,44
CR,BSB,253.88,3.022,14
CR,CB,450.34,5.361,23
CR,CRA,405.51,4.828,19
CR,DAV,1274.03,15.167,60
CR,ECSN,771.35,9.183,46
CR,ECSS,1007.49,11.994,58
CR,ECSW,991.85,11.808,58
CR,FA,663.83,7.903,38
CR,FN,625.47,7.446,32
CR,FO,774.87,9.225,45
CR,GR,705.15,8.395,39
CR,HH,942.56,11.221,53
CR,JO,638.4,7.6,30
CR,JSOM,1194.34,14.218,56
CR,MC,1136.24,13.527,52
CR,ML1,964.43,11.481,62
CR,ML2,1093.48,13.018,65
CR,NB,401.39,4.778,21
CR,NL,412.47,4.91,21
CR,PHA,488.45,5.815,28
CR,PHY,496.48,5.91,28
CR,RL,286.77,3.414,15
CR,ROC,1575.21,18.753,60
CR,ROW,1659.71,19.758,95
CR,SCI,642.49,7.649,34
CR,SLC,643.92,7.666,35
CR,SP2,866.71,10.318,41
CR,SPN,672.77,8.009,35
CR,TH,711.24,8.467,39
CR,WAAC,1317.96,15.69,41
CR,WSTC,1170.2,13.931,45
CRA,AD,738.29,8.789,24
CRA,APC,1496.75,17.818,60
CRA,ATC,1232.35,14.671,54
CRA,BE,955.12,11.371,46
CRA,BSB,447.58,5.328,16
CRA,CB,644.05,7.667,25
CRA,CR,405.51,4.828,19
CRA,DAV,1467.74,17.473,62
CRA,ECSN,965.06,11.489,48
CRA,ECSS,1201.2,14.3,60
CRA,ECSW,1185.56,14.114,60
CRA,FA,857.54,10.209,40
CRA,FN,819.18,9.752,34
CRA,FO,968.58,11.531,47
CRA,GR,898.85,10.701,41
CRA,HH,1136.27,13.527,55
CRA,JO,832.11,9.906,32
CRA,JSOM,1388.05,16.524,58
CRA,MC,1329.95,15.833,54
CRA,ML1,1158.14,13.787,64
CRA,ML2,1287.19,15.324,67
CRA,NB,595.1,7.084,23
CRA,NL,606.17,7.216,23
CRA,PHA,682.16,8.121,30
CRA,PHY,690.18,8.216,30
CRA,RL,480.47,5.72,17
CRA,ROC,1768.92,21.059,62
CRA,ROW,1853.42,22.065,97
CRA,SCI,836.2,9.955,36
CRA,SLC,837.62,9.972,37
CRA,SP2,852.7,10.151,35
CRA,SPN,658.76,7.842,29
CRA,TH,904.95,10.773,41
CRA,WAAC,1511.13,17.99,28
CRA,WSTC,1183.21,14.086,30
DAV,AD,876.48,10.434,35
DAV,APC,593.09,7.061,24
DAV,ATC,378.73,4.509,16
DAV,BE,708.2,8.431,37
DAV,BSB,1241.16,14.776,53
DAV,CB,897.4,10.683,42
DAV,CR,1274.03,15.167,60
DAV,CRA,1467.74,17.473,62
DAV,ECSN,718.14,8.549,39
DAV,ECSS,624.48,7.434,31
DAV,ECSW,675.02,8.036,34
DAV,FA,682.13,8.121,37
DAV,FN,714.02,8.5,33
DAV,FO,618.53,7.363,29
DAV,GR,685.55,8.161,28
DAV,HH,796.4,9.481,41
DAV,JO,807.99,9.619,38
DAV,JSOM,370.59,4.412,15
DAV,MC,418.75,4.985,16
DAV,ML1,858.39,10.219,45
DAV,ML2,975.69,11.615,42
DAV,NB,935.39,11.136,44
DAV,NL,980.28,11.67,46
DAV,PHA,861.11,10.251,41
DAV,PHY,885.75,10.545,42
DAV,RL,1274.05,15.167,54
DAV,ROC,1268.04,15.096,49
DAV,ROW,1341.83,15.974,53
DAV,SCI,846.27,10.075,43
DAV,SLC,813.57,9.685,40
DAV,SP2,1770.37,21.076,86
DAV,SPN,1576.43,18.767,80
DAV,TH,641.53,7.637,29
DAV,WAAC,1767.2,21.038,70
DAV,WSTC,1786.45,21.267,83
ECSN,AD,689.76,8.211,37
ECSN,APC,746.21,8.883,38
ECSN,ATC,485.67,5.782,27
ECSN,BE,105.28,1.253,10
ECSN,BSB,738.49,8.791,39
ECSN,CB,394.72,4.699,28
ECSN,CR,771.35,9.183,46
ECSN,CRA,965.06,11.489,48
ECSN,DAV,718.14,8.549,39
ECSN,ECSS,347.83,4.141,23
ECSN,ECSW,332.19,3.955,23
ECSN,FA,123.08,1.465,13
ECSN,FN,272.92,3.249,21
ECSN,FO,195.93,2.332,15
ECSN,GR,411.16,4.895,31
ECSN,HH,282.9,3.368,18
ECSN,JO,446.17,5.311,25
ECSN,JSOM,638.45,7.601,35
ECSN,MC,583.27,6.944,27
ECSN,ML1,311.78,3.712,21
ECSN,ML2,446.91,5.32,24
ECSN,NB,432.72,5.151,30
ECSN,NL,477.6,5.686,32
ECSN,PHA,358.43,4.267,27
ECSN,PHY,383.07,4.56,28
ECSN,RL,763.74,9.092,37
ECSN,ROC,949.65,11.305,52
ECSN,ROW,1023.44,12.184,56
ECSN,SCI,334.35,3.98,25
ECSN,SLC,299.1,3.561,18
ECSN,SP2,1199.31,14.277,61
ECSN,SPN,1005.37,11.969,55
ECSN,TH,368.55,4.387,25
ECSN,WAAC,1160.75,13.818,42
ECSN,WSTC,1180.0,14.048,55
ECSS,AD,925.89,11.023,49
ECSS,APC,624.11,7.43,30
ECSS,ATC,577.76,6.878,27
ECSS,BE,340.88,4.058,20
ECSS,BSB,888.74,10.58,40
ECSS,CB,630.86,7.51,40
ECSS,CR,1007.49,11.994,58
ECSS,CRA,1201.2,14.3,60
ECSS,DAV,624.48,7.434,31
ECSS,ECSN,347.83,4.141,23
ECSS,ECSW,155.22,1.848,9
ECSS,FA,359.21,4.276,25
ECSS,FN,509.05,6.06,33
ECSS,FO,432.07,5.144,27
ECSS,GR,647.3,7.706,43
ECSS,HH,265.5,3.161,14
ECSS,JO,682.3,8.123,37
ECSS,JSOM,544.79,6.486,27
ECSS,MC,669.03,7.965,28
ECSS,ML1,327.49,3.899,18
ECSS,ML2,453.6,5.4,16
ECSS,NB,668.85,7.963,42
ECSS,NL,713.74,8.497,44
ECSS,PHA,594.57,7.078,39
ECSS,PHY,619.21,7.372,40
ECSS,RL,859.05,10.227,38
ECSS,ROC,798.29,9.503,30
ECSS,ROW,872.08,10.382,34
ECSS,SCI,435.02,5.179,24
ECSS,SLC,394.41,4.695,19
ECSS,SP2,1294.62,15.412,62
ECSS,SPN,1100.68,13.103,56
ECSS,TH,604.68,7.199,37
ECSS,WAAC,1256.06,14.953,43
ECSS,WSTC,1275.31,15.182,56
ECSW,AD,910.25,10.836,49
ECSW,APC,674.65,8.032,33
ECSW,ATC,628.3,7.48,30
ECSW,BE,325.24,3.872,20
ECSW,BSB,873.1,10.394,40
ECSW,CB,615.22,7.324,40
ECSW,CR,991.85,11.808,58
ECSW,CRA,1185.56,14.114,60
ECSW,DAV,675.02,8.036,34
ECSW,ECSN,332.19,3.955,23
ECSW,ECSS,155.22,1.848,9
ECSW,FA,343.57,4.09,25
ECSW,FN,493.41,5.874,33
ECSW,FO,416.43,4.957,27
ECSW,GR,631.66,7.52,43
ECSW,HH,249.86,2.974,14
ECSW,JO,666.66,7.936,37
ECSW,JSOM,595.33,7.087,30
ECSW,MC,719.57,8.566,31
ECSW,ML1,311.85,3.713,18
ECSW,ML2,437.96,5.214,16
ECSW,NB,653.21,7.776,42
ECSW,NL,698.1,8.311,44
ECSW,PHA,578.93,6.892,39
ECSW,PHY,603.57,7.185,40
ECSW,RL,843.41,10.041,38
ECSW,ROC,806.57,9.602,26
ECSW,ROW,880.36,10.48,30
ECSW,SCI,419.38,4.993,24
ECSW,SLC,378.77,4.509,19
ECSW,SP2,1278.98,15.226,62
ECSW,SPN,1085.04,12.917,56
ECSW,TH,589.04,7.012,37
ECSW,WAAC,1240.42,14.767,43
ECSW,WSTC,1259.67,14.996,56
FA,AD,582.23,6.931,29
FA,APC,710.2,8.455,36
FA,ATC,449.66,5.353,25
FA,BE,113.14,1.347,11
FA,BSB,630.96,7.511,31
FA,CB,287.2,3.419,20
FA,CR,663.83,7.903,38
FA,CRA,857.54,10.209,40
FA,DAV,682.13,8.121,37
FA,ECSN,123.08,1.465,13
FA,ECSS,359.21,4.276,25
FA,ECSW,343.57,4.09,25
FA,FN,165.39,1.969,13
FA,FO,159.91,1.904,13
FA,GR,303.64,3.615,23
FA,HH,294.28,3.503,20
FA,JO,338.64,4.031,17
FA,JSOM,602.44,7.172,33
FA,MC,547.25,6.515,25
FA,ML1,323.17,3.847,23
FA,ML2,458.3,5.456,26
FA,NB,325.19,3.871,22
FA,NL,370.08,4.406,24
FA,PHA,250.91,2.987,19
FA,PHY,275.55,3.28,20
FA,RL,663.85,7.903,32
FA,ROC,961.03,11.441,54
FA,ROW,1034.83,12.319,58
FA,SCI,226.83,2.7,17
FA,SLC,194.13,2.311,14
FA,SP2,1139.44,13.565,58
FA,SPN,945.5,11.256,52
FA,TH,265.05,3.155,19
FA,WAAC,1125.01,13.393,42
FA,WSTC,1144.26,13.622,55
FN,AD,500.38,5.957,25
FN,APC,743.03,8.846,31
FN,ATC,478.63,5.698,25
FN,BE,262.98,3.131,19
FN,BSB,592.6,7.055,25
FN,CB,248.84,2.962,14
FN,CR,625.47,7.446,32
FN,CRA,819.18,9.752,34
FN,DAV,714.02,8.5,33
FN,ECSN,272.92,3.249,21
FN,ECSS,509.05,6.06,33
FN,ECSW,493.41,5.874,33
FN,FA,165.39,1.969,13
FN,FO,276.44,3.291,20
FN,GR,203.71,2.425,15
FN,HH,444.12,5.287,28
FN,JO,273.69,3.258,11
FN,JSOM,634.33,7.552,29
FN,MC,576.23,6.86,25
FN,ML1,471.94,5.618,28
FN,ML2,607.07,7.227,31
FN,NB,286.83,3.415,16
FN,NL,331.72,3.949,18
FN,PHA,212.55,2.53,13
FN,PHY,237.19,2.824,14
FN,RL,625.49,7.446,26
FN,ROC,1109.8,13.212,59
FN,ROW,1183.6,14.09,63
FN,SCI,197.71,2.354,15
FN,SLC,165.01,1.964,12
FN,SP2,1121.81,13.355,58
FN,SPN,927.87,11.046,52
FN,TH,165.12,1.966,11
FN,WAAC,1210.91,14.416,46
FN,WSTC,1188.16,14.145,59
FO,AD,611.13,7.275,33
FO,APC,647.55,7.709,27
FO,ATC,383.15,4.561,21
FO,BE,185.99,2.214,13
FO,BSB,742.01,8.833,38
FO,CB,398.24,4.741,27
FO,CR,774.87,9.225,45
FO,CRA,968.58,11.531,47
FO,DAV,618.53,7.363,29
FO,ECSN,195.93,2.332,15
FO,ECSS,432.07,5.144,27
FO,ECSW,416.43,4.957,27
FO,FA,159.91,1.904,13
FO,FN,276.44,3.291,20
FO,GR,310.03,3.691,18
FO,HH,367.13,4.371,22
FO,JO,432.48,5.149,28
FO,JSOM,538.84,6.415,25
FO,MC,480.74,5.723,21
FO,ML1,396.02,4.715,25
FO,ML2,531.15,6.323,28
FO,NB,436.24,5.193,29
FO,NL,481.12,5.728,31
FO,PHA,361.95,4.309,26
FO,PHY,386.59,4.602,27
FO,RL,774.89,9.225,39
FO,ROC,1033.89,12.308,56
FO,ROW,1107.68,13.187,60
FO,SCI,337.87,4.022,24
FO,SLC,305.18,3.633,21
FO,SP2,1271.21,15.134,71
FO,SPN,1077.28,12.825,65
FO,TH,266.02,3.167,19
FO,WAAC,1244.98,14.821,46
FO,WSTC,1264.24,15.05,59
GR,AD,392.21,4.669,19
GR,APC,714.56,8.507,26
GR,ATC,450.16,5.359,20
GR,BE,401.22,4.776,29
GR,BSB,672.28,8.003,32
GR,CB,328.52,3.911,21
GR,CR,705.15,8.395,39
GR,CRA,898.85,10.701,41
GR,DAV,685.55,8.161,28
GR,ECSN,411.16,4.895,31
GR,ECSS,647.3,7.706,43
GR,ECSW,631.66,7.52,43
GR,FA,303.64,3.615,23
GR,FN,203.71,2.425,15
GR,FO,310.03,3.691,18
GR,HH,582.37,6.933,38
GR,JO,213.57,2.542,14
GR,JSOM,605.86,7.213,24
GR,MC,547.75,6.521,20
GR,ML1,610.18,7.264,38
GR,ML2,745.32,8.873,41
GR,NB,366.51,4.363,23
GR,NL,411.39,4.898,25
GR,PHA,318.17,3.788,22
GR,PHY,342.81,4.081,23
GR,RL,705.17,8.395,33
GR,ROC,1248.05,14.858,69
GR,ROW,1321.84,15.736,73
GR,SCI,335.95,3.999,25
GR,SLC,303.26,3.61,22
GR,SP2,1205.71,14.354,66
GR,SPN,1011.78,12.045,60
GR,TH,101.63,1.21,9
GR,WAAC,1349.15,16.061,56
GR,WSTC,1326.41,15.791,69
HH,AD,860.96,10.25,44
HH,APC,796.03,9.477,40
HH,ATC,656.88,7.82,34
HH,BE,275.95,3.285,15
HH,BSB,823.81,9.807,35
HH,CB,565.93,6.737,35
HH,CR,942.56,11.221,53
HH,CRA,1136.27,13.527,55
HH,DAV,796.4,9.481,41
HH,ECSN,282.9,3.368,18
HH,ECSS,265.5,3.161,14
HH,ECSW,249.86,2.974,14
HH,FA,294.28,3.503,20
HH,FN,444.12,5.287,28
HH,FO,367.13,4.371,22
HH,GR,582.37,6.933,38
HH,JO,617.37,7.35,32
HH,JSOM,716.71,8.532,37
HH,MC,754.47,8.982,34
HH,ML1,108.87,1.296,10
HH,ML2,244.0,2.905,13
HH,NB,603.92,7.19,37
HH,NL,648.81,7.724,39
HH,PHA,529.64,6.305,34
HH,PHY,554.28,6.599,35
HH,RL,794.12,9.454,33
HH,ROC,746.74,8.89,41
HH,ROW,820.53,9.768,45
HH,SCI,370.09,4.406,19
HH,SLC,329.48,3.922,14
HH,SP2,1229.69,14.639,57
HH,SPN,1035.75,12.33,51
HH,TH,539.75,6.426,32
HH,WAAC,1037.79,12.355,43
HH,WSTC,1070.2,12.741,50
JO,AD,394.49,4.696,18
JO,APC,837.01,9.964,36
JO,ATC,572.61,6.817,30
JO,BE,436.23,5.193,23
JO,BSB,605.54,7.209,23
JO,CB,261.77,3.116,12
JO,CR,638.4,7.6,30
JO,CRA,832.11,9.906,32
JO,DAV,807.99,9.619,38
JO,ECSN,446.17,5.311,25
JO,ECSS,682.3,8.123,37
JO,ECSW,666.66,7.936,37
JO,FA,338.64,4.031,17
JO,FN,273.69,3.258,11
JO,FO,432.48,5.149,28
JO,GR,213.57,2.542,14
JO,HH,617.37,7.35,32
JO,JSOM,728.3,8.67,34
JO,MC,670.2,7.979,30
JO,ML1,645.19,7.681,32
JO,ML2,780.32,9.29,35
JO,NB,299.76,3.569,14
JO,NL,344.65,4.103,16
JO,PHA,251.42,2.993,13
JO,PHY,276.06,3.286,14
JO,RL,638.42,7.6,24
JO,ROC,1283.05,15.274,63
JO,ROW,1356.85,16.153,67
JO,SCI,318.84,3.796,15
JO,SLC,320.26,3.813,16
JO,SP2,1138.97,13.559,57
JO,SPN,945.03,11.25,51
JO,TH,219.66,2.615,14
JO,WAAC,1336.62,15.912,42
JO,WSTC,1255.76,14.95,53
JSOM,AD,906.95,10.797,39
JSOM,APC,468.75,5.58,18
JSOM,ATC,359.44,4.279,14
JSOM,BE,628.51,7.482,33
JSOM,BSB,1161.47,13.827,49
JSOM,CB,817.71,9.735,38
JSOM,CR,1194.34,14.218,56
JSOM,CRA,1388.05,16.524,58
JSOM,DAV,370.59,4.412,15
JSOM,ECSN,638.45,7.601,35
JSOM,ECSS,544.79,6.486,27
JSOM,ECSW,595.33,7.087,30
JSOM,FA,602.44,7.172,33
JSOM,FN,634.33,7.552,29
JSOM,FO,538.84,6.415,25
JSOM,GR,605.86,7.213,24
JSOM,HH,716.71,8.532,37
JSOM,JO,728.3,8.67,34
JSOM,MC,415.13,4.942,12
JSOM,ML1,778.7,9.27,41
JSOM,ML2,896.0,10.667,38
JSOM,NB,855.7,10.187,40
JSOM,NL,900.59,10.721,42
JSOM,PHA,781.42,9.303,37
JSOM,PHY,806.06,9.596,38
JSOM,RL,1194.36,14.219,50
JSOM,ROC,1188.35,14.147,45
JSOM,ROW,1262.14,15.026,49
JSOM,SCI,766.58,9.126,39
JSOM,SLC,733.88,8.737,36
JSOM,SP2,1690.68,20.127,82
JSOM,SPN,1496.74,17.818,76
JSOM,TH,561.84,6.689,25
JSOM,WAAC,1687.51,20.089,66
JSOM,WSTC,1706.76,20.319,79
MC,AD,848.85,10.105,35
MC,APC,637.64,7.591,21
MC,ATC,230.86,2.748,11
MC,BE,573.33,6.825,25
MC,BSB,1103.37,13.135,45
MC,CB,759.61,9.043,34
MC,CR,1136.24,13.527,52
MC,CRA,1329.95,15.833,54
MC,DAV,418.75,4.985,16
MC,ECSN,583.27,6.944,27
MC,ECSS,669.03,7.965,28
MC,ECSW,719.57,8.566,31
MC,FA,547.25,6.515,25
MC,FN,576.23,6.86,25
MC,FO,480.74,5.723,21
MC,GR,547.75,6.521,20
MC,HH,754.47,8.982,34
MC,JO,670.2,7.979,30
MC,JSOM,415.13,4.942,12
MC,ML1,783.36,9.326,37
MC,ML2,918.49,10.934,40
MC,NB,797.6,9.495,36
MC,NL,842.49,10.03,38
MC,PHA,723.32,8.611,33
MC,PHY,747.96,8.904,34
MC,RL,1136.26,13.527,46
MC,ROC,1312.58,15.626,46
MC,ROW,1386.38,16.505,50
MC,SCI,708.48,8.434,35
MC,SLC,675.78,8.045,32
MC,SP2,1632.58,19.435,78
MC,SPN,1438.64,17.127,72
MC,TH,503.74,5.997,21
MC,WAAC,1632.32,19.432,58
MC,WSTC,1651.58,19.662,71
ML1,AD,882.83,10.51,53
ML1,APC,858.02,10.215,44
ML1,ATC,685.76,8.164,37
ML1,BE,304.84,3.629,18
ML1,BSB,844.79,10.057,50
ML1,CB,587.98,7.0,38
ML1,CR,964.43,11.481,62
ML1,CRA,1158.14,13.787,64
ML1,DAV,858.39,10.219,45
ML1,ECSN,311.78,3.712,21
ML1,ECSS,327.49,3.899,18
ML1,ECSW,311.85,3.713,18
ML1,FA,323.17,3.847,23
ML1,FN,471.94,5.618,28
ML1,FO,396.02,4.715,25
ML1,GR,610.18,7.264,38
ML1,HH,108.87,1.296,10
ML1,JO,645.19,7.681,32
ML1,JSOM,778.7,9.27,41
ML1,MC,783.36,9.326,37
ML1,ML2,158.44,1.886,6
ML1,NB,625.97,7.452,40
ML1,NL,670.86,7.986,42
ML1,PHA,551.69,6.568,37
ML1,PHY,576.33,6.861,38
ML1,RL,815.1,9.704,48
ML1,ROC,661.18,7.871,34
ML1,ROW,734.97,8.75,38
ML1,SCI,395.53,4.709,23
ML1,SLC,354.92,4.225,18
ML1,SP2,1250.67,14.889,72
ML1,SPN,1056.73,12.58,66
ML1,TH,568.64,6.769,35
ML1,WAAC,952.28,11.337,36
ML1,WSTC,986.65,11.746,39
ML2,AD,1011.88,12.046,56
ML2,APC,975.32,11.611,41
ML2,ATC,820.9,9.773,40
ML2,BE,439.97,5.238,21
ML2,BSB,973.84,11.593,53
ML2,CB,717.03,8.536,41
ML2,CR,1093.48,13.018,65
ML2,CRA,1287.19,15.324,67
ML2,DAV,975.69,11.615,42
ML2,ECSN,446.91,5.32,24
ML2,ECSS,453.6,5.4,16
ML2,ECSW,437.96,5.214,16
ML2,FA,458.3,5.456,26
ML2,FN,607.07,7.227,31
ML2,FO,531.15,6.323,28
ML2,GR,745.32,8.873,41
ML2,HH,244.0,2.905,13
ML2,JO,780.32,9.29,35
ML2,JSOM,896.0,10.667,38
ML2,MC,918.49,10.934,40
ML2,ML1,158.44,1.886,6
ML2,NB,755.02,8.988,43
ML2,NL,799.91,9.523,45
ML2,PHA,680.74,8.104,40
ML2,PHY,705.38,8.397,41
ML2,RL,944.15,11.24,51
ML2,ROC,568.69,6.77,31
ML2,ROW,642.49,7.649,35
ML2,SCI,530.66,6.317,26
ML2,SLC,490.05,5.834,21
ML2,SP2,1379.72,16.425,75
ML2,SPN,1185.78,14.116,69
ML2,TH,703.77,8.378,38
ML2,WAAC,875.49,10.423,35
ML2,WSTC,909.86,10.832,38
NB,AD,319.79,3.807,12
NB,APC,964.41,11.481,42
NB,ATC,700.0,8.333,36
NB,BE,422.78,5.033,28
NB,BSB,368.52,4.387,14
NB,CB,111.7,1.33,7
NB,CR,401.39,4.778,21
NB,CRA,595.1,7.084,23
NB,DAV,935.39,11.136,44
NB,ECSN,432.72,5.151,30
NB,ECSS,668.85,7.963,42
NB,ECSW,653.21,7.776,42
NB,FA,325.19,3.871,22
NB,FN,286.83,3.415,16
NB,FO,436.24,5.193,29
NB,GR,366.51,4.363,23
NB,HH,603.92,7.19,37
NB,JO,299.76,3.569,14
NB,JSOM,855.7,10.187,40
NB,MC,797.6,9.495,36
NB,ML1,625.97,7.452,40
NB,ML2,755.02,8.988,43
NB,NL,107.64,1.281,7
NB,PHA,149.81,1.783,12
NB,PHY,157.84,1.879,12
NB,RL,401.41,4.779,15
NB,ROC,1240.42,14.767,40
NB,ROW,1321.25,15.729,73
NB,SCI,303.85,3.617,18
NB,SLC,305.28,3.634,19
NB,SP2,907.34,10.802,41
NB,SPN,713.4,8.493,35
NB,TH,372.6,4.436,23
NB,WAAC,1234.16,14.692,43
NB,WSTC,1110.67,13.222,43
NL,AD,330.87,3.939,12
NL,APC,1009.29,12.015,44
NL,ATC,744.89,8.868,38
NL,BE,467.66,5.567,30
NL,BSB,379.6,4.519,14
NL,CB,156.59,1.864,9
NL,CR,412.47,4.91,21
NL,CRA,606.17,7.216,23
NL,DAV,980.28,11.67,46
NL,ECSN,477.6,5.686,32
NL,ECSS,713.74,8.497,44
NL,ECSW,698.1,8.311,44
NL,FA,370.08,4.406,24
NL,FN,331.72,3.949,18
NL,FO,481.12,5.728,31
NL,GR,411.39,4.898,25
NL,HH,648.81,7.724,39
NL,JO,344.65,4.103,16
NL,JSOM,900.59,10.721,42
NL,MC,842.49,10.03,38
NL,ML1,670.86,7.986,42
NL,ML2,799.91,9.523,45
NL,NB,107.64,1.281,7
NL,PHA,194.7,2.318,14
NL,PHY,202.72,2.413,14
NL,RL,412.49,4.911,15
NL,ROC,1285.3,15.301,42
NL,ROW,1366.14,16.264,75
NL,SCI,348.74,4.152,20
NL,SLC,350.16,4.169,21
NL,SP2,918.41,10.934,41
NL,SPN,724.48,8.625,35
NL,TH,417.49,4.97,25
NL,WAAC,1253.28,14.92,45
NL,WSTC,1129.78,13.45,45
PHA,AD,406.85,4.843,19
PHA,APC,890.12,10.597,39
PHA,ATC,625.72,7.449,33
PHA,BE,348.49,4.149,25
PHA,BSB,455.58,5.424,21
PHA,CB,111.82,1.331,10
PHA,CR,488.45,5.815,28
PHA,CRA,682.16,8.121,30
PHA,DAV,861.11,10.251,41
PHA,ECSN,358.43,4.267,27
PHA,ECSS,594.57,7.078,39
PHA,ECSW,578.93,6.892,39
PHA,FA,250.91,2.987,19
PHA,FN,212.55,2.53,13
PHA,FO,361.95,4.309,26
PHA,GR,318.17,3.788,22
PHA,HH,529.64,6.305,34
PHA,JO,251.42,2.993,13
PHA,JSOM,781.42,9.303,37
PHA,MC,723.32,8.611,33
PHA,ML1,551.69,6.568,37
PHA,ML2,680.74,8.104,40
PHA,NB,149.81,1.783,12
PHA,NL,194.7,2.318,14
PHA,PHY,48.45,0.577,6
PHA,RL,488.47,5.815,22
PHA,ROC,1170.67,13.937,37
PHA,ROW,1246.97,14.845,70
PHA,SCI,229.57,2.733,15
PHA,SLC,230.99,2.75,16
PHA,SP2,933.07,11.108,50
PHA,SPN,739.14,8.799,44
PHA,TH,312.21,3.717,19
PHA,WAAC,1183.17,14.085,40
PHA,WSTC,1079.97,12.857,44
PHY,AD,414.88,4.939,19
PHY,APC,914.76,10.89,40
PHY,ATC,650.36,7.742,34
PHY,BE,373.13,4.442,26
PHY,BSB,463.61,5.519,21
PHY,CB,119.85,1.427,10
PHY,CR,496.48,5.91,28
PHY,CRA,690.18,8.216,30
PHY,DAV,885.75,10.545,42
PHY,ECSN,383.07,4.56,28
PHY,ECSS,619.21,7.372,40
PHY,ECSW,603.57,7.185,40
PHY,FA,275.55,3.28,20
PHY,FN,237.19,2.824,14
PHY,FO,386.59,4.602,27
PHY,GR,342.81,4.081,23
PHY,HH,554.28,6.599,35
PHY,JO,276.06,3.286,14
PHY,JSOM,806.06,9.596,38
PHY,MC,747.96,8.904,34
PHY,ML1,576.33,6.861,38
PHY,ML2,705.38,8.397,41
PHY,NB,157.84,1.879,12
PHY,NL,202.72,2.413,14
PHY,PHA,48.45,0.577,6
PHY,RL,496.49,5.911,22
PHY,ROC,1195.31,14.23,38
PHY,ROW,1271.61,15.138,71
PHY,SCI,254.21,3.026,16
PHY,SLC,255.63,3.043,17
PHY,SP2,938.47,11.172,49
PHY,SPN,744.54,8.864,43
PHY,TH,336.85,4.01,20
PHY,WAAC,1207.81,14.379,41
PHY,WSTC,1085.37,12.921,43
RL,AD,544.6,6.483,16
RL,APC,1303.07,15.513,52
RL,ATC,1038.66,12.365,46
RL,BE,756.79,9.009,34
RL,BSB,154.92,1.844,6
RL,CB,450.36,5.361,17
RL,CR,286.77,3.414,15
RL,CRA,480.47,5.72,17
RL,DAV,1274.05,15.167,54
RL,ECSN,763.74,9.092,37
RL,ECSS,859.05,10.227,38
RL,ECSW,843.41,10.041,38
RL,FA,663.85,7.903,32
RL,FN,625.49,7.446,26
RL,FO,774.89,9.225,39
RL,GR,705.17,8.395,33
RL,HH,794.12,9.454,33
RL,JO,638.42,7.6,24
RL,JSOM,1194.36,14.219,50
RL,MC,1136.26,13.527,46
RL,ML1,815.1,9.704,48
RL,ML2,944.15,11.24,51
RL,NB,401.41,4.779,15
RL,NL,412.49,4.911,15
RL,PHA,488.47,5.815,22
RL,PHY,496.49,5.911,22
RL,ROC,1425.88,16.975,46
RL,ROW,1510.38,17.981,81
RL,SCI,524.45,6.243,26
RL,SLC,581.99,6.928,30
RL,SP2,705.18,8.395,30
RL,SPN,511.24,6.086,24
RL,TH,711.26,8.467,33
RL,WAAC,1156.43,13.767,30
RL,WSTC,1008.67,12.008,34
ROC,AD,1493.61,17.781,51
ROC,APC,1267.67,15.091,48
ROC,ATC,1221.32,14.54,45
ROC,BE,942.7,11.223,49
ROC,BSB,1455.57,17.328,48
ROC,CB,1206.97,14.369,38
ROC,CR,1575.21,18.753,60
ROC,CRA,1768.92,21.059,62
ROC,DAV,1268.04,15.096,49
ROC,ECSN,949.65,11.305,52
ROC,ECSS,798.29,9.503,30
ROC,ECSW,806.57,9.602,26
ROC,FA,961.03,11.441,54
ROC,FN,1109.8,13.212,59
ROC,FO,1033.89,12.308,56
ROC,GR,1248.05,14.858,69
ROC,HH,746.74,8.89,41
ROC,JO,1283.05,15.274,63
ROC,JSOM,1188.35,14.147,45
ROC,MC,1312.58,15.626,46
ROC,ML1,661.18,7.871,34
ROC,ML2,568.69,6.77,31
ROC,NB,1240.42,14.767,40
ROC,NL,1285.3,15.301,42
ROC,PHA,1170.67,13.937,37
ROC,PHY,1195.31,14.23,38
ROC,RL,1425.88,16.975,46
ROC,ROW,234.42,2.791,11
ROC,SCI,1033.39,12.302,54
ROC,SLC,992.79,11.819,49
ROC,SP2,1653.1,19.68,29
ROC,SPN,1524.17,18.145,32
ROC,TH,1206.5,14.363,66
ROC,WAAC,838.25,9.979,20
ROC,WSTC,908.77,10.819,21
ROW,AD,1578.11,18.787,86
ROW,APC,1341.47,15.97,52
ROW,ATC,1295.12,15.418,49
ROW,BE,1016.5,12.101,53
ROW,BSB,1540.07,18.334,83
ROW,CB,1283.26,15.277,71
ROW,CR,1659.71,19.758,95
ROW,CRA,1853.42,22.065,97
ROW,DAV,1341.83,15.974,53
ROW,ECSN,1023.44,12.184,56
ROW,ECSS,872.08,10.382,34
ROW,ECSW,880.36,10.48,30
ROW,FA,1034.83,12.319,58
ROW,FN,1183.6,14.09,63
ROW,FO,1107.68,13.187,60
ROW,GR,1321.84,15.736,73
ROW,HH,820.53,9.768,45
ROW,JO,1356.85,16.153,67
ROW,JSOM,1262.14,15.026,49
ROW,MC,1386.38,16.505,50
ROW,ML1,734.97,8.75,38
ROW,ML2,642.49,7.649,35
ROW,NB,1321.25,15.729,73
ROW,NL,1366.14,16.264,75
ROW,PHA,1246.97,14.845,70
ROW,PHY,1271.61,15.138,71
ROW,RL,1510.38,17.981,81
ROW,ROC,234.42,2.791,11
ROW,SCI,1107.19,13.181,58
ROW,SLC,1066.58,12.697,53
ROW,SP2,1767.63,21.043,34
ROW,SPN,1638.7,19.508,37
ROW,TH,1280.3,15.242,70
ROW,WAAC,952.78,11.343,25
ROW,WSTC,1023.3,12.182,26
SCI,AD,560.9,6.677,25
SCI,APC,875.28,10.42,41
SCI,ATC,610.88,7.272,35
SCI,BE,324.41,3.862,23
SCI,BSB,554.14,6.597,28
SCI,CB,265.86,3.165,16
SCI,CR,642.49,7.649,34
SCI,CRA,836.2,9.955,36
SCI,DAV,846.27,10.075,43
SCI,ECSN,334.35,3.98,25
SCI,ECSS,435.02,5.179,24
SCI,ECSW,419.38,4.993,24
SCI,FA,226.83,2.7,17
SCI,FN,197.71,2.354,15
SCI,FO,337.87,4.022,24
SCI,GR,335.95,3.999,25
SCI,HH,370.09,4.406,19
SCI,JO,318.84,3.796,15
SCI,JSOM,766.58,9.126,39
SCI,MC,708.48,8.434,35
SCI,ML1,395.53,4.709,23
SCI,ML2,530.66,6.317,26
SCI,NB,303.85,3.617,18
SCI,NL,348.74,4.152,20
SCI,PHA,229.57,2.733,15
SCI,PHY,254.21,3.026,16
SCI,RL,524.45,6.243,26
SCI,ROC,1033.39,12.302,54
SCI,ROW,1107.19,13.181,58
SCI,SLC,81.48,0.97,7
SCI,SP2,960.02,11.429,50
SCI,SPN,766.08,9.12,44
SCI,TH,297.37,3.54,21
SCI,WAAC,1095.25,13.039,36
SCI,WSTC,1014.39,12.076,47
SLC,AD,562.32,6.694,26
SLC,APC,842.59,10.031,38
SLC,ATC,578.19,6.883,32
SLC,BE,291.72,3.473,20
SLC,BSB,611.05,7.274,28
SLC,CB,267.29,3.182,17
SLC,CR,643.92,7.666,35
SLC,CRA,837.62,9.972,37
SLC,DAV,813.57,9.685,40
SLC,ECSN,299.1,3.561,18
SLC,ECSS,394.41,4.695,19
SLC,ECSW,378.77,4.509,19
SLC,FA,194.13,2.311,14
SLC,FN,165.01,1.964,12
SLC,FO,305.18,3.633,21
SLC,GR,303.26,3.61,22
SLC,HH,329.48,3.922,14
SLC,JO,320.26,3.813,16
SLC,JSOM,733.88,8.737,36
SLC,MC,675.78,8.045,32
SLC,ML1,354.92,4.225,18
SLC,ML2,490.05,5.834,21
SLC,NB,305.28,3.634,19
SLC,NL,350.16,4.169,21
SLC,PHA,230.99,2.75,16
SLC,PHY,255.63,3.043,17
SLC,RL,581.99,6.928,30
SLC,ROC,992.79,11.819,49
SLC,ROW,1066.58,12.697,53
SLC,SCI,81.48,0.97,7
SLC,SP2,1017.56,12.114,54
SLC,SPN,823.63,9.805,48
SLC,TH,264.67,3.151,18
SLC,WAAC,1093.89,13.022,36
SLC,WSTC,1071.94,12.761,51
SP2,AD,1050.53,12.506,42
SP2,APC,1799.39,21.421,84
SP2,ATC,1534.98,18.274,78
SP2,BE,1192.36,14.195,58
SP2,BSB,734.87,8.748,32
SP2,CB,953.45,11.351,49
SP2,CR,866.71,10.318,41
SP2,CRA,852.7,10.151,35
SP2,DAV,1770.37,21.076,86
SP2,ECSN,1199.31,14.277,61
SP2,ECSS,1294.62,15.412,62
SP2,ECSW,1278.98,15.226,62
SP2,FA,1139.44,13.565,58
SP2,FN,1121.81,13.355,58
SP2,FO,1271.21,15.134,71
SP2,GR,1205.71,14.354,66
SP2,HH,1229.69,14.639,57
SP2,JO,1138.97,13.559,57
SP2,JSOM,1690.68,20.127,82
SP2,MC,1632.58,19.435,78
SP2,ML1,1250.67,14.889,72
SP2,ML2,1379.72,16.425,75
SP2,NB,907.34,10.802,41
SP2,NL,918.41,10.934,41
SP2,PHA,933.07,11.108,50
SP2,PHY,938.47,11.172,49
SP2,RL,705.18,8.395,30
SP2,ROC,1653.1,19.68,29
SP2,ROW,1767.63,21.043,34
SP2,SCI,960.02,11.429,50
SP2,SLC,1017.56,12.114,54
SP2,SPN,237.95,2.833,12
SP2,TH,1211.8,14.426,66
SP2,WAAC,1304.99,15.536,26
SP2,WSTC,977.06,11.632,28
SPN,AD,856.59,10.198,36
SPN,APC,1605.45,19.112,78
SPN,ATC,1341.05,15.965,72
SPN,BE,998.43,11.886,52
SPN,BSB,540.93,6.44,26
SPN,CB,759.51,9.042,43
SPN,CR,672.77,8.009,35
SPN,CRA,658.76,7.842,29
SPN,DAV,1576.43,18.767,80
SPN,ECSN,1005.37,11.969,55
SPN,ECSS,1100.68,13.103,56
SPN,ECSW,1085.04,12.917,56
SPN,FA,945.5,11.256,52
SPN,FN,927.87,11.046,52
SPN,FO,1077.28,12.825,65
SPN,GR,1011.78,12.045,60
SPN,HH,1035.75,12.33,51
SPN,JO,945.03,11.25,51
SPN,JSOM,1496.74,17.818,76
SPN,MC,1438.64,17.127,72
SPN,ML1,1056.73,12.58,66
SPN,ML2,1185.78,14.116,69
SPN,NB,713.4,8.493,35
SPN,NL,724.48,8.625,35
SPN,PHA,739.14,8.799,44
SPN,PHY,744.54,8.864,43
SPN,RL,511.24,6.086,24
SPN,ROC,1524.17,18.145,32
SPN,ROW,1638.7,19.508,37
SPN,SCI,766.08,9.12,44
SPN,SLC,823.63,9.805,48
SPN,SP2,237.95,2.833,12
SPN,TH,1017.87,12.117,60
SPN,WAAC,1176.06,14.001,29
SPN,WSTC,848.13,10.097,31
TH,AD,398.31,4.742,19
TH,APC,670.55,7.983,27
TH,ATC,406.14,4.835,21
TH,BE,358.61,4.269,23
TH,BSB,678.37,8.076,32
TH,CB,334.61,3.983,21
TH,CR,711.24,8.467,39
TH,CRA,904.95,10.773,41
TH,DAV,641.53,7.637,29
TH,ECSN,368.55,4.387,25
TH,ECSS,604.68,7.199,37
TH,ECSW,589.04,7.012,37
TH,FA,265.05,3.155,19
TH,FN,165.12,1.966,11
TH,FO,266.02,3.167,19
TH,GR,101.63,1.21,9
TH,HH,539.75,6.426,32
TH,JO,219.66,2.615,14
TH,JSOM,561.84,6.689,25
TH,MC,503.74,5.997,21
TH,ML1,568.64,6.769,35
TH,ML2,703.77,8.378,38
TH,NB,372.6,4.436,23
TH,NL,417.49,4.97,25
TH,PHA,312.21,3.717,19
TH,PHY,336.85,4.01,20
TH,RL,711.26,8.467,33
TH,ROC,1206.5,14.363,66
TH,ROW,1280.3,15.242,70
TH,SCI,297.37,3.54,21
TH,SLC,264.67,3.151,18
TH,SP2,1211.8,14.426,66
TH,SPN,1017.87,12.117,60
TH,WAAC,1310.57,15.602,52
TH,WSTC,1287.82,15.331,65
WAAC,AD,1389.41,16.541,48
WAAC,APC,1784.85,21.248,73
WAAC,ATC,1534.73,18.271,58
WAAC,BE,1153.8,13.736,39
WAAC,BSB,1186.12,14.12,32
WAAC,CB,1219.46,14.517,41
WAAC,CR,1317.96,15.69,41
WAAC,CRA,1511.13,17.99,28
WAAC,DAV,1767.2,21.038,70
WAAC,ECSN,1160.75,13.818,42
WAAC,ECSS,1256.06,14.953,43
WAAC,ECSW,1240.42,14.767,43
WAAC,FA,1125.01,13.393,42
WAAC,FN,1210.91,14.416,46
WAAC,FO,1244.98,14.821,46
WAAC,GR,1349.15,16.061,56
WAAC,HH,1037.79,12.355,43
WAAC,JO,1336.62,15.912,42
WAAC,JSOM,1687.51,20.089,66
WAAC,MC,1632.32,19.432,58
WAAC,ML1,952.28,11.337,36
WAAC,ML2,875.49,10.423,35
WAAC,NB,1234.16,14.692,43
WAAC,NL,1253.28,14.92,45
WAAC,PHA,1183.17,14.085,40
WAAC,PHY,1207.81,14.379,41
WAAC,RL,1156.43,13.767,30
WAAC,ROC,838.25,9.979,20
WAAC,ROW,952.78,11.343,25
WAAC,SCI,1095.25,13.039,36
WAAC,SLC,1093.89,13.022,36
WAAC,SP2,1304.99,15.536,26
WAAC,SPN,1176.06,14.001,29
WAAC,TH,1310.57,15.602,52
WAAC,WSTC,557.06,6.632,17
WSTC,AD,1265.92,15.07,48
WSTC,APC,1805.84,21.498,82
WSTC,ATC,1553.98,18.5,71
WSTC,BE,1173.05,13.965,52
WSTC,BSB,1038.36,12.361,36
WSTC,CB,1100.34,13.099,43
WSTC,CR,1170.2,13.931,45
WSTC,CRA,1183.21,14.086,30
WSTC,DAV,1786.45,21.267,83
WSTC,ECSN,1180.0,14.048,55
WSTC,ECSS,1275.31,15.182,56
WSTC,ECSW,1259.67,14.996,56
WSTC,FA,1144.26,13.622,55
WSTC,FN,1188.16,14.145,59
WSTC,FO,1264.24,15.05,59
WSTC,GR,1326.41,15.791,69
WSTC,HH,1070.2,12.741,50
WSTC,JO,1255.76,14.95,53
WSTC,JSOM,1706.76,20.319,79
WSTC,MC,1651.58,19.662,71
WSTC,ML1,986.65,11.746,39
WSTC,ML2,909.86,10.832,38
WSTC,NB,1110.67,13.222,43
WSTC,NL,1129.78,13.45,45
WSTC,PHA,1079.97,12.857,44
WSTC,PHY,1085.37,12.921,43
WSTC,RL,1008.67,12.008,34
WSTC,ROC,908.77,10.819,21
WSTC,ROW,1023.3,12.182,26
WSTC,SCI,1014.39,12.076,47
WSTC,SLC,1071.94,12.761,51
WSTC,SP2,977.06,11.632,28
WSTC,SPN,848.13,10.097,31
WSTC,TH,1287.82,15.331,65
WSTC,WAAC,557.06,6.632,17
