element,id,name,building,amenity
way,308344327,10,apartments,
way,221344898,11,apartments,
way,221344895,12,apartments,
way,309478233,14,apartments,
way,309478225,15,apartments,
way,309478226,16,apartments,
way,309478230,17,apartments,
way,309478231,18,apartments,
way,309478228,19,apartments,
way,221344894,2,apartments,
way,309478229,20,apartments,
way,309478227,21,apartments,
way,309478232,22,apartments,
way,309478224,23,apartments,
way,598197606,24,apartments,
way,470347170,25,apartments,
way,470347169,26,apartments,
way,470347177,27,apartments,
way,470347180,28,apartments,
way,470347179,29,apartments,
way,221344901,3,apartments,
way,470347178,30,apartments,
way,470347173,31,apartments,
way,297312354,33,apartments,
way,297312355,34,apartments,
way,297312352,35,apartments,
way,297312353,36,apartments,
way,308347762,38,apartments,
way,308347767,39,apartments,
way,221344896,4,apartments,
way,308347764,40,apartments,
way,308347765,41,apartments,
way,308347759,43,apartments,
way,308347760,44,apartments,
way,308347774,45,apartments,
way,308347758,46,apartments,
way,309375456,48,apartments,
way,309375457,49,apartments,
way,308347769,5,apartments,
way,309375458,50,apartments,
way,309375455,51,apartments,
way,308345591,53,apartments,
way,308345590,54,apartments,
way,308345589,55,apartments,
way,308345588,56,apartments,
way,308345592,57,apartments,
way,308345593,58,apartments,
way,308345587,59,apartments,
way,221344897,6,apartments,
way,309478220,61,apartments,
way,309478221,62,apartments,
way,309478222,63,apartments,
way,308344377,65,apartments,
way,308344378,66,apartments,
way,308345586,67,apartments,
way,221344902,7,apartments,
way,221344977,8,apartments,
way,221344900,9,apartments,
way,297587453,Activity Center,university,
way,370238372,Activity Center Bookstore,university,
way,221316815,Administration Building,university,
way,598197612,Andromeda Hall,dormitory,
way,598200421,Asian American Baptist Church,church,place_of_worship
way,404995741,Bioengineering Science Building,university,
way,598200430,Brains Brothers,retail,
way,405073216,Braum's,commercial,fast_food
way,530944741,CVS Pharmacy,retail,
way,543192302,Callier Center Richardson,university,
way,514362006,Callier Center Richardson Addition,university,
way,514361758,Canyon Creek Heights North (CH7),dormitory,
relation,7764982,Canyon Creek Heights South (CH6),dormitory,
way,598200428,Canyon Creek Pool Bath House,public,
way,258038935,Capella Hall,dormitory,
way,258039242,Cecil H. Green Hall,university,
relation,21294104,Charles and Nancy Davidson Building,university,
way,221317000,Classroom Building,university,
way,470347172,Clubhouse,apartments,
way,1356596163,Comets LANding,university,
way,598197594,Construction Maintenance Building 1,university,
way,598197595,Construction Maintenance Building 2,university,
way,598197596,Construction Maintenance Building 3,university,
way,280265842,Copper Ridge Water Tower,yes,
way,543572581,Dallas International School,school,
way,543192327,Davidson-Gundy Alumni Center,university,
way,404979296,Dining Hall West,university,restaurant
way,243352628,Edith O'Donnell Arts & Technology Building,university,
way,1128100173,Edith and Peter O’Donnell Jr. Athenaeum,yes,
way,308347757,Energy Plant,university,
way,470345844,Engineering and Computer Science North,university,
way,245679154,Engineering and Computer Science South,university,
relation,8384532,Engineering and Computer Science West,university,
way,258039241,Erik Jonsson Academic Center,university,
way,221317443,Eugene McDermott Library,university,library
way,543181775,Facilities Management,university,
way,543192297,Facilities Management Events Building,university,
way,598197631,Facilities Management Greenhouses,greenhouse,
way,543192296,Facilities Management Pole Barn,university,
way,1212454581,Facilities Management Shop Building,university,
way,598197597,Facilities Management Storage Building,school,
way,598200442,Faith United Methodist Church,church,place_of_worship
way,548184239,Flexential Dallas - Richardson,commercial,
way,598197630,Founders Building,university,
way,377544518,Founders North,university,
way,308346223,Founders West Annex,university,
way,470347175,Fujitsu,commercial,
way,530944757,Fuzzy's Taco Shop,commercial,fast_food
way,530944760,Hair Tech III,retail,
way,263733066,Helix Hall,dormitory,
way,1125916123,Housing Storage Warehouse,university,
way,221345883,Karl Hoblitzelle Hall,university,
way,297312493,Lennox,office,
way,470347194,Lennox International,commercial,
way,263733964,Lloyd V. Berkner Hall,university,
way,543947241,Modular Lab 1,university,
way,543947240,Modular Lab 2,university,
way,530944751,Natural Grocers,yes,
way,258039237,Natural Science and Engineering Research Lab,public,
relation,8384531,Naveen Jindal School of Management,university,
way,280324664,North Lab,university,
way,280324659,North Office Building,university,
relation,7764983,Northside Building 1,apartments,
way,598197578,Northside Building 2,apartments,
way,598197601,Northside Building 3,residential,
way,598197602,Northside Building 4,residential,
way,598197587,Northside Building 5,apartments,
way,598197581,Northside Building 6,apartments,
way,598197584,Northside Building 7,apartments,
way,598197582,Northside Building 8,apartments,
way,598197591,Northside Building 9,apartments,
way,827800364,Northside Plus Building 10,apartments,
way,827800362,Northside Plus Building 11,apartments,
way,827800363,Northside Plus Building 12,apartments,
relation,13195804,Northside Plus Building 13,apartments,
way,982098406,Northside Plus Building 14,apartments,
way,598197603,Northside Pump Station,public,
way,404994013,Panda Express,commercial,fast_food
way,404997026,Parking Structure 1,garage,parking
way,404975608,Parking Structure 3,garage,parking
way,134921833,Parking Structure 4,garage,parking
way,470347284,Pavillion Bank,commercial,bank
way,1443116530,Performance Hall and Music Building,construction,
way,470347181,Phase 1 Clubhouse,yes,
way,470347182,Phase 1 Laundry,yes,
way,309478234,Phase 2 Clubhouse,apartments,
way,1283164843,Phase 2 Mail,roof,mailroom
way,1283101980,Phase 3 Mail,roof,mailroom
way,308347770,Phase 4 Clubhouse,yes,
way,1283203935,Phase 4 Mail,roof,mailroom
way,1283400721,Phase 5 Mail,roof,mailroom
way,1283839596,Phase 6 Mail,roof,mailroom
way,1283839600,Phase 7 Mail,roof,mailroom
way,470346662,Phase 8 Clubhouse,apartments,
way,1281440936,Phase 8 Mail,roof,mailroom
way,1284300641,Phase 8A Mail,yes,mailroom
way,1285087168,Phase 9 Mail,roof,mailroom
way,598197598,Physics Annex,university,
way,280324649,Physics Building,university,
way,308345596,Police Building,university,police
way,598200416,Precision Auto Care,yes,car_wash
way,598200424,Prestonwood Pregnancy Center,yes,
way,514361757,Reasearch Operations Center West,university,
way,404975709,Recreation Center West,university,
way,221345161,Research and Operations Center,university,
way,308345594,Safety and Grounds,university,
way,598197599,Satellite Utility Plant,yes,
way,263733699,Science Learning Center,university,
way,923037378,Sciences Building,university,
way,308345595,Service Building,university,
way,258038934,Sirius Hall,dormitory,
way,598200427,Sports & Fellowship,church,
way,543947231,Student Services Building,university,
way,543947232,Student Services Building Addition,university,
way,470346956,Student Union,university,
way,1482479187,Student Union / Student Success Center,construction,
way,470345845,Student Union Food Court,university,
way,470345852,Synergy Park North,university,
way,548184240,Synergy Park North 2,university,
relation,9903482,Texaco,roof,fuel
way,982031177,Texas Republic Bank,yes,bank
way,645765891,The Benefit Store,retail,
relation,8384533,The Plinth,roof,
way,470346347,UT Southwestern Medical Center at Richardson/Plano,hospital,
way,543181777,University Surplus,university,
way,392004110,University Theatre,university,
way,309478223,University Village Leasing Office,apartments,
way,645765892,Upscale Resale,retail,
way,258038936,Vega Hall,dormitory,
way,543572366,Waterview Academic and Administrative Center,university,
way,470346400,Waterview Science and Technology Center,university,
